fM1b,fB1,alpha1_2,
0.393,0.4628225294864417,1.2606615069262053
0.397,0.47243300454469855,1.3118630615619777
0.401,0.482184483467945,1.366542557375128
0.409,0.5018691081083198,1.48038511715317
0.4788377491982475,0.7,3.145371894856902
0.5064284835471986,0.8,4.414461312161669
0.5184386417913022,0.85,5.173796996821819
0.5293679010323631,0.9,6.02191128309109
0.539307326207406,0.95,6.9627132145594794
