fM1b,invKd,alpha1_2,
0.397,1.0425974631136965,1.3099151395638913
0.401,1.0806783602831542,1.357759821229562
0.409,1.1627844314923614,1.460917549322596
0.42,1.2857997031071116,1.6154734275552256
0.44,1.5519282263934766,1.9498362035124706
0.5,2.8465682481811934,3.576416570937201
0.56,6.026947075485597,7.572231372928428
